index|driver_id|age|sex|location_id|route_list|number_routes|trip_list|number_trips|number_complains|most_common_complain_topic|most_common_route|status|experience|salary
1|1|34|F|32|33,34,1,45,46,17,50,27,28,29|10|33,28,34,1,46,17,50,27,34,29,34,29,28,33,17,29,50,34,28,28,33,34,46,34,50,45,1,1,50,34,50,45,17,27,45,34,29,45,46,1,45,17,50,33,17,1,33,45,1,29,1,17,28,17,1,28,17,50,45,17,29,33,46,33,1,1,28,27,45,50,50,34,50,34,34,34,33,1,46,28,33,27,28,45,34,33,28,46,28,27,45,46,27,33,50,50,45,17,33,45,46,17,34,45,28,27,28,45,29,27,33,34,28,33,29,34,27,1,50,33,17,46,34,33,45,29,33,50,50,27,46,50,34,33,27,45,50,50,45,33,1,17,34,50,50,29,46,29,28,28,1,27,1,17,28,33|156|40|1|33|active|5|174609.16666666666
2|2|35|M|4|41,2,25|3|2,25,2,25,41,41,2,41,2,2,41,2,2,2,2,25,41,25,41,41,25,41,2,41,2,25,25,2,2,2,41,25,2,2,41,41,2,2,2,25,41,2,2,25,2,41,41,25,2,2,2,25,2,2,25,41,2,41,41,41,25,2,41,2,25,2,41,2,25,2,41,25,2,25,25,2,41,41,41,2,41,41,2,41,41,2,25,25,25,25,2,25,2,25,41,41,41,41,25,25,41,25,25,25,25,41,25,25,2,41,41,41,2,25,25,25,41,2,41,2,2,2,25,41,25,2,41,2,41,25,2,25,2,41,25,2,2,2,2,25,2,41,2,2,41,25,2,25,25,25,25,41,25,2,2,2,41,41,25,41,41,2,2,41,25|165|0|1|2|active|8|75592.5
3|3|39|M|30|18,13,14,2|4|2,14,13,2,14,18,13,18,2,14,18,14,13,2,2,13,2,2,13,14,14,13,2,2,14,2,13,2,2,18,13,13,14,14,13,14,13,2,14,14,13,13,13,2,13,14,13,13,14,14,18,2,18,13,18,13,2,14,14,18,13,13,2,13,14,18,14,2,13,2,13,18,14,14,2,2,13,13,14,13,2,2,18,18,18,14,13,13,14,13,2,2,2,14,18,14,14,18,2,14,13,2,2,13,2,18,14,18,13,2,14,14,2,2,13,18,18,18,18,18,18,18,14,18,13,13,14,13,2,14,14,14,13,13,14,14,18,18,18|139|45|1|13|active|5|134043.75
4|4|41|M|24|9,2,29,14|4|2,29,14,2,9,2,2,9,2,14,29,29,2,14,9,29,29,14,9,14,2,2,14,2,29,9,29,2,14,2,14,14,9,2,9,29,14,14,2,9,9,2,9,9,9,2,29,14,29,14,2,29,29,29,2,29,29,2,14,9,2,9,2,29,2,9,9,14,14,29,2,14,29,2,9,29,2,29,9,14,29,29,9,29,2,2,29,14,2,2,9,14,14,9,9,14,14,2,29,14,29,2,2,2,29,29,14,14,2,29,2,9,29,2,29,29,9,9,29,9,29,14,2,14,2,14,9,2,29,2,9,9,14,29,9,29,2,29,9,9,14,14,2,9,29,14,29,29|148|17|1|2|active|9|108946.66666666667
5|5|34|M|9|5,39,28,29,32|5|5,39,32,32,32,39,5,39,32,32,29,39,39,28,29,39,32,29,39,5,5,5,5,29,5,5,5,32,29,32,28,29,32,5,29,39,29,32,28,28,5,39,29,32,32,32,32,5,5,32,29,29,32,39,32,29,29,28,39,32,29,39,5,32,28,5,29,32,29,29,39,39,32,29,29,39,5,32,32,32,29,32,32,39,39,5,5,32,32,39,5,28,28,29,32,39,32,5,39,5,28,28,39,28,28,5,39,29,5,39,29,32,5,29,5,29,5,5,39,5,5,39,5,29,32,32,29,29,32,5,39,28,5,32,29,39,28,32,29,5,29|141|21|1|32|active|10|113806.33333333333
6|6|42|F|29|1,2,3,9,10,20,25,28|8|10,1,2,9,25,3,9,20,9,9,10,28,20,20,25,3,20,1,9,25,1,2,3,25,2,9,2,3,9,25,3,1,10,10,9,3,20,20,1,3,9,28,3,1,1,10,20,10,10,2,25,2,20,1,20,1,3,20,1,20,9,10,9,20,2,1,1,20,3,28,3,25,3,28,2,3,9,1,3,1,1,3,28,2,9,1,28,28,2,25,20,9,9,9,20,2,2,20,20,3,20,1,9,3,10,25,9,28,3,3,25,20,1,3,1,28,2,1,25,9,28,3,20|123|29|1|3|active|10|92695.75
7|7|40|M|15|1,14,15,48,28|5|28,15,14,1,1,48,48,1,28,48,1,28,1,14,48,1,48,1,28,1,1,48,1,48,48,48,48,14,15,28,28,28,1,14,48,14,48,14,48,15,1,15,1,28,1,1,1,48,14,14,14,48,14,14,48,28,1,15,48,15,1,14,28,14,15,1,1,28,48,1,1,15,15,28,28,28,15,48,28,1,14,15,1,48,1,48,14,1,48,1,15,48,14,15,15,1,14,28,1,1,14,15,14,48,48,1,1,28,15,28,48,1,1,15,14,1,15,15,14,1,14,48,48,48,48,1,48,28,48,1,48,28,14,1,14,1,1,1,48,14,14,28,28,1,14|145|17|1|1|active|11|131470.75
8|8|37|F|31|1,26,35,10|4|26,35,1,10,26,35,1,35,35,35,10,10,1,10,26,35,26,35,35,26,26,35,35,1,10,10,10,26,1,35,26,35,1,26,1,10,26,26,1,35,35,26,26,26,35,26,1,35,10,10,26,35,35,26,35,35,1,26,10,1,35,1,35,1,1,10,1,26,26,35,26,10,10,10,26,10|76|8|1|35|quit|3|53754.5
9|9|45|M|4|34,3,35,4,5,42,50,20,21,22|10|50,34,42,34,20,42,22,21,20,34,5,21,4,4,35,21,3,21,20,42,5,50,5,3,20,34,5,42,50,42,4,34,42,35,42,22,21,5,4,22,5,42,21,50,20,20,34,21,35,34,50,50,50,4,35,34,4,35,34,4,42,3,4,5,34,35,22,4,34,50,4,22,20,35,21,3,5,50,4,22,3,22,42,50,20,5,50,21,4,34,35,34,35,4,22,34,3,21,3,5,34,34,3,4,42,4,20,20,50,50,22,35,4,34,5,5,34,50,5,22,20,35,22,3,50,5,5,21,3,22,34,35,35,20,3,42|136|15|1|34|active|8|146746.08333333334
10|10|44|M|15|40,11,15,17,25,28|6|40,17,25,40,11,11,11,15,17,28,40,15,15,17,15,25,40,17,11,11,40,25,25,28,25,17,17,40,11,40,28,28,25,28,17,40,25,40,28,11,15,25,11,11,25,15,17,40,11,40,40,28,25,40,28,25,17,15,11,11,15,15,40,11,25,28,15,28,11,25,11,17,17,15,28,25,28,17,25,40,40,17,40,11,17,17,15,25,15,25,40,17,15,28,28,28,17,11,40,40,28,40,17,11,40,28,40,17,40,11,17,28,17,15,15,40,17,25,17,11,28,40,25,25,28,15,11,15,15,17,25,11,15,28,17,15,17,15,28,25,40,17,28,15,11,17,40,11,17,40,40,25,11,28,28,15,40,28,11,15,17,17|162|27|1|40|active|6|127444.91666666667
11|11|39|F|22|34,37,40,42,15,48,17,20,31|9|20,34,48,20,48,34,34,48,20,42,37,20,34,34,37,34,37,31,17,17,42,31,42,17,20,15,48,37,48,15,37,17,37,20,37,40,20,40,42,34,31,42,34,15,15,48,48,31,40,17,42,15,42,31,31,37,15,15,48,17,20,42,40,40,37,37,34,42,37,37,42,17,37,15,15,20,40,34,31,42,17,34,42,40,20,15,15,42,48,48,42,17,15,17,20,20,40,17,37,34,48,34,40,48,31,42,15,20,34,17,40,17,17,34,15,34,48,48,40,42,15,31,48,17,31,48,40,20,31,48,34,31,15,48,34,48,20,31,34,40,37,20,48,15,15,31,48,31,37,17,20,31,17,37,37,42,34,40,34,37,17,17,15,31,20,40,40,42,17,34|170|27|1|34|active|7|145330.5
12|12|39|M|16|50,20,5,45|4|50,5,5,20,45,5,5,5,45,45,5,45,50,45,50,45,20,20,45,50,5,5,20,45,45,5,20,50,20|29|5|1|5|quit|9|32654.333333333332
13|13|41|F|15|9,18,14|3|9,14,18,14,9,14,18,14,9,18,14,9,14,14,18,14,9,18,9,9,9,14,14,9,18,18,9,18,14,18,9,14,14,9,14,9,18,18,9,14,9,14,9,9,14,14,14,18,14,18,9,18,14,9,9,9,14,14,18,18,18|61|30|1|14|quit|7|67353.83333333333
14|14|36|F|31|1,35,5,7,41,11,44,13,16,26|10|13,41,16,7,13,44,13,35,41,5,1,13,1,13,41,1,5,16,11,44,11,7,44,1,13,13,16,35,41,1,26,5,5,41,13,7,5,1,44,1,41,1,1,41,26,16,26,7,5,1,44,1,16,13,5,1,7,26,16,11,13,41,41,13,44,26,5,44,16,1,11,11|72|19|1|1|quit|7|63531.833333333336
15|15|41|F|14|20,6,47,23|4|20,6,23,6,6,47,20,6,23,6,23,20,47,47,23,20,6,20,6,20,6,47,20,6,47,47,6,23,23,6,20,23,20,6,23,20,47,23,6,6,47,6,47,47,20,23,20,23,20,20,20,47,20,47,20,23,47,6,47,23,20,20,6,47,47,23,6,6,20,23,23,23,23,6,20,6,20,23,20,6,20,6,23,47,6,6,20,47,6,47,23,47,6,47,20,6,47,20,23,20,6,23,47,47,23,47,6,47,20,47,47,23,23,20,23,23,6,6,47,47,47,6,23,6,47,47,47,23,20,47,6,47,47,6,20,6,6,23,23,47,23,20,6,20,6,20,47,47,23,47,6,47,20,47,6,47,20,23,6,6,6,47,20,47,23,20,20,23,23,20,20,6,23,23,47,6,47,6,23|179|19|1|6|active|9|188757.08333333334
16|16|43|M|30|35,8,16,18,24|5|35,18,35,24,8,16,18,16,16,8,16,16,16,24,18,8,16,24,24,24,8,35,18,24,8,35,18,8,18,8,18,35,8,8,35,24,24,8,18,8,35,24,16,18,16,24,16,24,24,8,16,16,24,16,8,16,35,35,18,35,18,24,16,16,24,8,18,24,18,35,18,16,8,18,8,24,16,16,24,8,16,16,24,24,35,16,8,16,24,24,16,18,8,24,16,24,18,18,35,8,18,35,24,35,16,35,24,18,24,24,16,16,18,35,35,24,35,35,24,35,16,8,18,8,24,18,18,18|128|38|1|24|quit|8|127187.58333333333
17|17|36|F|21|3,7,44,13,45,48,28,30|8|28,13,44,44,3,3,44,3,3,3,45,30,45,3,3,3,13,44,28,45,7,28,30,48,7,13,30,44,48,30,44,48,30,3,13,28,28,45,44,48,3,45,45,44,13,48,13,48,30,3,45,48,45,48,30,48,28,7,3,3,3,28,30,7,44,13,7,30,7,48,30,44,13,28,13,45,13,44,48,7,44,48,28,48,44,30,30,3,44,45,30,48,30,48,44,30,44,7,3,30,13,45,13,7,45,45,13,13,13,44,3,13,30,44,44,45,7,3,28,28,44,7,30,30,48,44,48,45,3,28,30,28,7,48,30,44,48,30,3,13,13,7,7,28,44,13,45,45,45|149|34|1|44|active|8|139004.16666666666
18|18|40|F|23|2,3,6,7,22,28,29,32|8|2,28,22,2,2,6,2,28,6,32,3,28,2,2,6,22,22,22,3,32,2,32,2,29,22,22,2,28,29,32,7,3,28,32,29,7,2,29,6,2,32,6,22,22,28,7,2,3,32,29,22,22,28,32,7,3,6,3,2,28,28,6,7,7,6,2,7,3,28,22,6,29,2,22,28,2,28,29,22,2,29,32,2,32,29,7,32,22,32,3,7,29,3,28,28,7,29,3,6,22,32,22,2,22,29,29,3,22,32,28,7,7,28,2,6,7,22,22,6,29,32,7,2,3,32,7,7,28,22,22,22,2,2,7,7,2,6,6,32,28,28,28,28,3,22,3,32,32,29,22,29,6,29,2,22,32,3,32|158|14|1|22|active|8|128779.33333333333
19|19|41|F|24|36,4,37,8,40,13,15,26|8|36,36,15,26,15,26,37,36,40,37,4,8,4,36,15,13,26,8,8,37,37,15,37,37,26,13,15,37,26,15,40,13,13,8,36,37,36,37,40,40,13,37,13,36,4,36,37,36,4,8,15,13,26,13,8,13,4,36,8,36,40,13,13,4,4,8,26,37,8,13|70|18|1|37|quit|6|64052.416666666664
20|20|41|M|9|2,4,5,7,13,47,24|7|7,2,2,24,4,2,2,7,47,47,5,13,4,24,24,47,2,5,7,2,2,5,13,2,4,24,5,4,5,5,5,4,7,13,4,2,4,13,7,24,24,5,2,7,7,24,5,7,2,24,24,2,4,4,7,5,13,7,5,7,7,13,4,47,7,13,13,24,4,24,4,2,4,5,4,5,47,13,4,13,7,7,47,24,13,4,5,4,7,2,13,2,24,4,7,7,4,2,47,47,47,5,4,5,24,2,4,5,24,13,2,2,5,5,24,2,47,5,7,7,47,24,13,24,7,24,13,2,4,5|130|8|1|4|active|8|111177.83333333333
21|21|41|M|6|38,9,11,48,17,18,31|7|11,18,38,31,31,31,9,9,48,17,11,48,11,11,18,17,31,11,9,11,11,18,48,38,31,18,38,11,38,17,38,11,9,31,17,11,18,38|38|6|1|11|quit|9|38864.5
22|22|42|M|25|20,24,23,40|4|23,40,40,20,40,24,40,20,20,24,23,40,20,40,40,20,23,24,20,23,24,23,23,24,23,40,24,24,24,20,24,20,40,20,20,20,23,24,40,23,23,24,23,20,40,24,40,24,20,23,23,20,23,20,24,24,20,40,40,20,20,20,20,23,20,24,23,40,20,20,40,24,23,23,40,40,40,24,40,20,23,24,20,23,40,24,23,23,23,23,20,24,20,24,24,40,40,40,24,23,24,20,24,24,24,40,23,40,40,20,20,40,23,20,40,23,23,24,23,40,23,23,24,20,40,20,40,23,24,24,24,24,23,40,40,24,24,24,24,24,24,23,20,40,20,24,24,24,23,23,23,24,40,24,20,20,40,23,20,40,20,40,23,40,20,23,40,40,23,40,40,23,40,20,24|175|27|1|24|active|9|155399.58333333334
23|23|44|F|27|2,34,37,7,39,9,10,47,31,32|10|37,34,9,31,2,47,32,34,47,9,34,7,2,47,39,9,7,10,10|19|4|1|34|quit|5|16828.5
24|24|41|M|28|37,5,12,46,14,16,50,26,30|9|14,16,12,37,12,30,12,30,26,30,30,50,26,5,46,30,14,16,46,37,46,16,46,30,14,12,5,12,37,26,5,37,46,5,30,14,12,16,16,5,26,37,26,30,5,12,14,14,16,46,14,30,26,46,50,37,16,50,12,16,46,16,50,16,26,26,16,5,26,26,37,5,12,16,16,14,14,37,5,5,12,12,16,50,46,50,46,30,5,30,30,37,37,37,50,50,5,37,12,50,14,14,50,46,37,50,5|107|29|1|16|quit|6|110131.58333333333
25|25|41|M|16|1,35,12,50,22,27,31|7|31,1,31,1,1,50,12,12,35,50,35,31,31,12,22,22,27,50,1,27,22,35,1,27,12,31,22,12,12,12,12,50,31,22,27,12,31,31,35,35,35,27,1,12,22,35,22,50,27,31,1,31,50,22,27,50,22,50,12,27,27,1,22,22,22,22,1,35,27,12,12,31,27,27,35,12,1,50,50,35,12,31,12,22,1,1,12,31,27,50,27,35,50,31,1,50,22,27,1,12,27,12,1,31,50,1,12,35,31,1,27,35,1,1,35,31,1,50,50,31,27,27,1|123|29|1|1|active|5|123169.75
26|26|38|F|5|3,7,41,43,45,16,49|7|43,43,41,49,49,49,3,45,7,7,41,41,3,41,16,16,7,45,43,49,41,41,45,43,45,16,3,16,16,16,3,41,3,43,3,43,16,16,45,3,43,43,43,43,7,45,7,16,3,41,16,3,43,49,45,7,49,16,3,43,7,16,7,43,43,3,16,43,45,45,43,16,45,43,3,45,45,41,16,49|80|11|1|43|quit|7|62951.25
27|27|38|F|11|33,8,15,17,27|5|33,27,33,27,33|5|4|1|33|quit|7|6908.25
28|28|43|M|32|41,17,40,8|4|41,8,41,8,17,8,17,40,17,40,8,40,17,40,17,17,17,8,40,40,40,17,41,41,40,8,41,17,17,8,8,40,8,17,8,17,40,8,8,40,17,40,8,8,40,41,8,17,17,17,40,41,8,40,17,40,17,17,17,8,17,41,40,17,40,41,41,17,40,17,8,40,41,8,17,8,17,8,8,40,8,17,8,41,40,17,41,17,41,40,17,17,17,17,41,41,40,40,17,17,41,17,40,41,41,40,8,8,8,40,40,17,41,8,40,17,41,41,8,8,8,40,17,40,17,41,17,17,8,17,8,17,8,17,41,41,8,8,8,8,41,41,41,41,40,8,41,8,8,17,41,17,40,41,8,17,41,41,8,40,17,40,41,41,40,40,17,8,40,8,41,41,41,40,41|175|43|1|17|active|6|115400.83333333333
29|29|36|F|17|29,39,32|3|39,32,39,39,39,29,39,29,29,29,39,39,39,32,29,39,32,39,29,29,32,32,39,39,29,29,39,29,39,32,39,29,39,29,39,32,29,29,29,32,32,39,32,29,39,39,32,29,29,39,29,32,29,32,32,32,32,39,32,39,29,29,32,32,32,32,32,29,39,39,32,39,29,32,29,32,39,32,32,39,29,39,32,39,29,29,29,29,39,32,29,29,29,39,39,29,29,32,32,39,39,32,29,29,39,39,29,32,29,39,32,39,29,29,32,39,29,39,29,32,29,39,29,29,39,32,39,39,29,29,29,29,29,29,39,32,39,32,32,32,29,32,32,29,39,32,29,39,32,29,32,32,39,29,29,32,29,29|158|32|1|29|active|3|104154.16666666667
30|30|44|M|2|40,10,11,13,23,32|6|40,32,13,11,32,32,13,32,23,11,32,32,23,10,13,11,10,10,10,32,23,11,40,10,40,23,23,11,40,13,10,10,40,32,40,11,32,23,32,13,40,32,11,13,10,10,32,10,40,13,23,23,13,13,23,32,11,40,40,32,40,23,10,11,32,11,13,32,23,40,11,10,13,40,23,23,10,13,32,40,13,40,10,32,13,10,23,13,11,10,13,40,23,10,11,10,32,23,10,13,23,40,23,40,32,40,40,23,11,10,10,40,11,32,13,13,23,40|118|17|1|40|quit|9|106240.0
31|31|35|F|4|1,18,14,31|4|14,31,31,31,14,18,31,31,1,18,18,14,18,18|14|5|1|31|quit|8|15326.25
32|32|40|M|28|1,37,6,41,12,15,18,19|8|19,18,12,37,41,41,12,6,6,12,6,1,37,15,41,18,19,1,1,12,1,12,41,19,1,37,18,15,1,12,19,37,15,15,19,6,19,12,1,41,41,37,15,19,19,6,37,18,19,19,1,37,15,6,37,18,1,1,6,41,37,12,18,19,41,19,18,1,18,12,1,41,18,6,37,37,18,12,15,15,19,12,41,37,12,37,18,18,6,41|90|23|1|19|quit|7|78149.41666666667
33|33|38|F|2|3,35,8,11,44,15,20,21,23|9|11,20,3,35,11,20,3,8,15,20,8,20,20,35,15,23,21,35,8,20,11,44,35,20,3,15,23,15,21,35,21,44,35,8,35,8,15,20,21,8,3,3,35,35,20,3,20,8,23,15,23,11,23,35,20,20,20,8,20,11,3,44,20,20,35,35,8,15,20,3,21,20,8,44,23,35,21,44,23,21,20,44,20,21,21,15,15,15,8,8,21,44,23,3,8,8,11,3,21,44,23,8,35,20,35,20,11,35,3,35,3,8,35,15,35,11,3,3,15,8,3,11,8,15,8,15,23,35,15,8,20,11,20,23,35,21,8,23,21,44,15,15,23|143|49|1|20|quit|4|146598.33333333334
34|34|37|M|10|1,50,24,30,31|5|30,24,31,30,30,31,24,30,24,30,30,1,50,50,24,30,30,30,31,24,1,1,50,30,1,24,30,1,1,31,1,31,30,24,30,30,1,31,31,30,31,31,50,30,31,50,31,1,1,50,24,24,24,31,50,24,50,50,30,1,30,24,31,24,30,1,30,31,30,31,1,1,30,1,30,1,1,24,30,31,1,31,24,30,1,24,24,30,31,1,24,24,50,1,1,31,30,1,31,1,1,1,1,1,50,50,30,31,1,30,50,31,50,30,24,30,31,50,30,30,30,1,31,24,31,31,50,50,1,1,31,31,50,31,50,30,50,50,24,50,30,24,1,24,24,31,24,30,31,31,30,50,1,1,24,31,24,50,24,31|160|27|1|30|active|9|154176.58333333334
35|35|41|M|29|38,41,47,49,24,27|6|38,27,41,38,27,49,27,27,27,47,41,47,24,47,38,27,24,47,27,41,24,27,47,38,38,47,47,49,49,49,47,49,47,47,38,49,27,27,38,41,24,38,41,49,24,41,24,38,27,49,49,41,27,27,49,27,41,27,27,38|60|17|1|27|quit|8|62778.5
36|36|41|F|30|35,5,44,48,31|5|31,31,35,35,35,48,5,31,31,31,48,5,44,5,5,31,48,44,44,31,48,31,31,44,31,5,35,5,31,48,35,31,44,35,35,48,35,31,48,35,35,35,5,48,31,48,5,35,48,31,31,35,35,35,31,31,48,35,48,44,35,48,5,48,48,5,44,5,44,48,44,5,44,31,31,48,48,48,44,44,44,5,48,48,48,5,5,5,35,5,44,31,35,48,31,44,35,48,35,44,31,35,35,35,48,31,35,44,44,35,48,5,48,35,48,31,31,5,31,5,31,35,48,48,31,44,44,35,5,31,44,35,5,48,31,44,31,44,5,48,5,31,31,44,44,31,31,44,35,44,44,44,5,5,44,35,44,31,31,35,5,5,35,44,35,35,5,48,48,35,44,48,31,44,5,31,35,5,35,48,5,31,31,44|184|42|1|31|active|3|169790.91666666666
37|37|40|F|18|33,40,12,45,17,49,18,23,25,29|10|29,33,12,33,45,49,25,17,12,18,12,18,25,12,23,18,17,18,18,12,17,29,45,33,23,40,25,49,40,45,25,12,25,12,25,18,49,33,29,33,18,29,17,33,29,23,25,29,12,29,23,40,33,33,23,40,12,17,33,33,25,29,23,23,29,17,40,25,49,29,40,23,33,49,45|75|18|1|33|quit|9|74839.0
38|38|43|F|26|1,36,5,9,10,41,49,23,26,31|10|36,23,49,31,49,31,1,41,9,9,41,26,31,9,36,49,23,9,41,26,10,5,23,49,23,26,1,36,31,49,41,49,26,49,23,26,31,5,31,41,41,10,5,36,26,5,49,36,36,41,49,31,1,9,49,49,26,36,36,10,31,36,41,10,23,1,10,49,5,26,36,23,23,1,23,49,23,9,10,10,23,36,5,10,23,23,36,23,23,23,26|91|27|1|23|quit|5|92735.33333333333
39|39|40|F|25|18,43,47,7|4|43,18,43,43,18,18,47,43,18,7,18,47,47,18,47,7,43,18,18,43,7,18,7,7,18,18,43,47,7,43,43,43,18,43,18,7,18,7,47,47,47,43,43,43,18,18,47,18,43,18,7,43,47,43,47,18,43,47,43,43,47,47,43,18,7,47,18,47,43,7,7,47,7,43,18,7,7,18,18,18,7,47,18,43,43,47,18,18,7,18,7,43,7,47,43,18,7,43,47,7,47,18,43,43,43,43,47,7,43,47,7,43,47,43,7,7,7,43|118|20|1|43|active|4|92631.16666666667
40|40|41|M|22|33,34,40,44,45,48,18,19,23|9|45,18,19,34,40,34,45,33,48,19,45,48,44,19,23,34,45,18,45,18,44,48,45,19,18,48,44,23,34,44,44,33,23,48,33,48,19,23,18,23|40|16|1|45|quit|3|45930.5
41|41|36|M|17|2,36,37,45,46,15,20,21,25,32|10|45,45,21,25,2,15,46,21|8|4|1|45|quit|9|8947.666666666666
42|42|39|M|11|33,1,3,39,40,47,25,26,29|9|33,26,47,40,26,33,39,1,33,3,3,39,40,47,1,39,33,33,1,25,33,3,26,25,39,3,39,33,25,25,39,26,47,1,26,25,25,1,39,47,40,40,1,40,33,47,33,1,1,26,33,25,47,33,3,47,29,1,29,29,1,40,47,3,39,26,47,25,47,3,26,47,29,39,29,47,29,3,47,1,39,25,1,1,3,47,26,47,47,33,29,1,26,29,47,3,26,33,29,3,26,39,1,33,29,3,40,1,1,25,25,3,39,29,1,39,25,25,40,26,3,39,29,33,33,40,33,26,1,25,1,47,25,25,40,26,1,1,47,39,3,40,33,40|144|15|1|1|active|5|113461.66666666667
43|43|44|F|16|6,17,49,21,27,29,30|7|27,27,21,27,49,29,21,29,6,29,49,17,27,21,29,27,6,21,6,27,6,30,21,49,29,17,17,49,21,30,29,30,17,6,49,49,30,6,29,6,30,6,6,30,17,29,27,49,30,49,6,49,27,30,49,27,30,49,17,17,21,30,29,29,17,6,6,30,17,6,21,29,49,21,21,30,6,49,27,49,17,27,21,6,6,6,21,6,17,30,29,6,49,30,29,6,6,21,27,29,49,21,6,29,49,6,29,27,30,29,49,17,29,30,21,49,27,49,21,29,30,17,17,49,17,17,29,29,29,21,21,49,21,27,30,30,29,49,21,29,30,6,30,49,17,17,6,6,49,6,6,29,17,17,49,30,49,49,29,17,6,21,21,21,6,29,17|167|33|1|6|active|6|178672.33333333334
44|44|39|M|11|5,41,11,45,18,50,20|7|5,50,50,45,5,5,5,18,11,20,45,20,18,41,20,11,41,11,5,20,50,41,20,20,45,50,50,5,18,20,11,5,50,5,50,20,41,41,50,41,41,41,18,20,50,11,20,11,45,50,20,41,11,41,18,18,20,5,50,41,50,18,41,41,45,45,5,50,18,18,41,41,11,5,5,45,11,45,11,18,50,5,11,11,5,41,45,41,20,41,11,11,45,41,18,45,45,50,20,45,41,11,45,45,18,11,41,20,50,20,41,11,20,45,41,41,5,50,11,41,5,20,41,45,45,41,18,18,11,45,11,50,11,18,45,11,50,50,41,45,5,50,50,41,41,11,11,20,11,50,20,50,18,18,45,41,45,41,41,11,45,45,45,50,45,41,5,41,5,20,11,45,5,41,18,41,5,45,50,11,11,50,11,41,41,5|186|23|1|41|active|7|182066.66666666666
45|45|37|M|7|50,11,32|3|50,32,50,32,50,11,50,32,50,32,11,11,50,50,11,11,32,32,50,50,11,50,50,32,11,50,50,50,11,11,32,50,32,50,32,11,50,11,50,11,50,50,32,32,32,50,50,32,11,11,11,32,50,32,32,32,32,32,32,11,11,50,50,32,32,32,11,32,50,11,32,32,11,50,11,50,11,32,11,11,11,32,32,50,50,11,32,50,50,32,50,50,50,11,32,11,11,32,32,50,11|101|12|1|50|quit|8|116575.5
46|46|37|M|31|49,26,7|3|49,26,49,49,7,7,7,7,26,26,49,7,26,49,49,26,26,26,7,49,49,49,49,7,7,49,49,26,49,49,7,49,7,7,49,49,7,7,7,7,26,26,49,49,26,7,26,49,26,26,26,49,26,26,49,49,7,7,7,26,7,7,26,26,49,7,7,26,26,26,26,49,7,26,49,26,26,7,49,26,7,7,26,49,49,49,7,7,49,26,7,49,7,7,7,49,49,26,26,49,7,49,26,26,26,49,7,7,7,26,7,49,49,7,49,26,49,7,49,7,49,49,26,26,26,49,26|127|47|1|49|quit|7|136729.58333333334
47|47|48|M|31|33,1,4,39,42,45,47,20,24,32|10|32,47,24,1,1,45,32,20,33,42,39,4,20,39,39,1,32,47,33,45,4,42,47,47,42,47,39,32,39,33,32,4,1,39,4,47,32,1,24,45,47,47,39,42,42,1,20,39,39,33,45,4,32,42,32,1,1,32,42,4,39,39,24,24,42,47,4,47,42,24,24,20,45,4,47,32,45,4,1,32,32,47,1,47,33,24,45,32,24,1,47,47,24,45,20,32,24,32,42,42,4,42,1,20,42,33,20,39,20,33,20,42,45,33,20,47,4,39,1,39,32,47,45,45,33,1,42,4,32,39,24,39,47,4,4,45,20,24,1,4,33,20,1,45,45,1,47,39,33,45,33,39,33,32,1|155|39|1|47|active|10|143607.75
48|48|37|M|22|39,11,13,14,18,19,23,26,31|9|18,14,31,14,11,31,14,11,26,31,18,39,13,31,18,19,19,11,19,14,26,39,19,19,31,18,23,39,14,11,23,31,18,39,39,23,26,11,14,13,23,31,18,19,31,26,14,26,31,26,23,23,31,39,14,18,19,19,31,26,14,13,11,23,19,26,13,13,31,11,13,31,23,18,39,23,13,18,23,13,11,13,23,39,11,31,31,13,26,31,31,26,11,31,39,13,14,31,19,13,13,26,26,14,26,23,13,39,26,13,18,39,39,14,19,13,26,23,11,13,39,18,11,31,14,18,39,13|128|27|1|31|quit|8|130961.66666666667
49|49|50|F|3|36,7,9,11,44,12,45,20,31|9|44,31,7,44,45,36,20,7,9,45,44,9,36,11,44,12,12,44,45,11,11,11,11,11,20,11,7,11,31,9,20,31,31,9,11,45,45,36,11,44,9,20,45,9,7,11,36,12,20,31,45,11,44,7,36,20,12,9,9,45,12,44,7,44,45,31,7,31,20,9,11,31,36,31,20,36,20,7,11,12,9,44,44,9,7,11,7,12,36,44,20,20,9,9,45,9,31,11,7,7,20,44,9,31,45,9,36,20,44,9|110|58|1|9|quit|3|108306.33333333333
50|50|32|F|6|4,37,12,13,46,49,19|7|12,13,46,12,4,4,37,49,19,12,12,12,12,46,12,46,19,49,49,13,46,4,13,49,49,12,4,37,13,46,13,46,19,13,19,12,4,13,4,37,49|41|12|1|12|quit|11|43812.25
51|51|41|F|13|18,13,8|3|18,13,8,13,13,18,8,18,8,8,18,18,18,8,18,18,18,13,13,13,18,8,18,13,18,8,8,18,8,13,18,13,8,13,13,13,18,18,8,18,13,13,13,13,8,8,8,8,8,8,8,18,13,8,18,13,13,13,18,13|60|28|1|13|quit|10|69096.58333333333
52|52|34|F|23|41,26,46,1|4|26,46,46,46,46,41,1,1,41,41,26,46,26,26,1,1,1,46,1,41,26,41,26,46,41,46,26,46,41,1,26,41,1,46,41,46,1,26,41,26,26,26,26,1,26,46,26,46,26,46,1,26,1,41,26,41,1,1,1,46,26,46,1,46,41,1,46,46,1,26,46,46,41,26,41,26,46,26,26,41,1,46,26,1,46,1,26,46,26,46,46|91|18|1|26|quit|13|70224.16666666667
53|53|47|M|30|4,5,6,37,38,43,18,22,25|9|25,37,38,37,6,18,6,5,5,18,25,25,6,25,5,22,6,6,38,4,4,25,5,5,5,4,18,43,18,22,37,4,22,6,5,4,4,25,5,22,18,4,37,22,38,4,38,6,25,5,4,6,37,37,5,38,22,6,5,38,43,43,18,22,22,38,38,43,18,37,37,38,37,18,22,43,4,38,18,22,43,6,4,22,43,25,4,43,43,37,6,6,4,4,37,6,4,38,18,37,25,43,37,22,6,43,43,25,5,38,22,25,25,5,18,5,38,25,38,37,22,25,38,22,5,43,5,5,25,22,6,6,6,25,18,18,4,43,25,4,22,43,38,18,37,37,18|147|35|1|25|active|6|139433.5
54|54|44|F|24|43,29,48,8|4|43,29,8,43,8,43,48,29,8,29,48,43,43,8,29,29,29,29,8,8,43,43,8,48,48,29,8,48,43,48,29,29,43,48,29,43,8,8,8,8,8,29,8,29,48,48,48,8,29,29,43,48,48,8,43,8,8,29,29,48,48,29,43,48,29,48,48,43,43,29,29,8,29,29,48,29,8,8,43,29,48,8,48,43,48,48,29,43,29,48,43,43,8,8,43,8,29,29,43,48,29,48,48,29,29,29,29,48,29,48,29,43,8,43,48,8,48,8,8,8,8,43,48,48,8,43,48,43,43,29,29,29,48,48,29,8,43,48,8|139|18|1|29|active|7|95813.33333333333
55|55|44|F|16|1,38,6,10,11,48,17,18|8|17,17,11,11,18,17,6,11,11,18,18,10,18,38,18,11,17,18,6,38,11,6,48,18,11,18,1,10,48,17,10,38,1,18,48,6,10,17,38,10,17,18,6,10,17,38,38,10,18,38,17,48,18,17,1,6,1,11,18,6,11,38,6,1,18,38,38,11,11,38,18,6,48,17,18,10,48,6,1,18,11,48,10,38,10,1,11,38,6,48,17,1,17,48,11,38,38,38,10,17|100|28|1|18|quit|6|95873.83333333333
56|56|42|F|29|2,38,39,40,49,18,19,22,25,30|10|22,40,49,39,30,22,19,18,18,40,30,30,39,40,22,18,19,22,49,38,39,18,2,19,18,39,30,49,39,22,39,22,49,19,19,25,19,19,19,19,40,18,39,39,19,49,25,25,30,22,30,30,25,19,49,2,49,19,22,18,39,2,19,2,39,39,2,30,30,39,39,2,19,2,25,19,38,38,38,22,25,2,22,38,38,22,25,40,2,38,25,19,40,19,39,25,38,22,38,18,22,18,49,49,25,40,2,49,40,2,49,30,19,19,39,2,49,38,19,18,38,49,38,22,19,25,49,38,22,40,39,39,2,19,30,30,22,18,39,38,25,40,2,38,19,30,22,40,25,25,30,49,49,38,39,22,39,38|158|26|1|19|quit|8|149820.33333333334
57|57|38|M|15|18,37,38|3|38,18,37,37,37,37,38,18,38,37,18,37,37,18,18,18,38,18,18,37,18,38,18,18,38,18|26|6|1|18|quit|9|29150.166666666668
58|58|41|M|25|1,4,7,42,10,45,48,25,29|9|10,29,10,25,45,4,4,1,29,45,29,48,4,42,48,10,10,48,4,4,7,48,48,4,29,45,10,1,45,10,7,25,42,42,7,45,29,45,29,42,42,45,10,10,42,48,7,45,7,1,42,45,1,29,4,4,25,48,42,4,7,45,1,45,48,4,1,10,29,45,10,29,1,48,10,25,42,48,4,42,25,42,29,4,10,48,7,4,10,10,10,42,4,1,4,10,45,45,4,10,42,45,45,10,42,7,10,29,48,29,45,10,25,10,48,45,7,25,48,48,25,48,42,4,29,25,25,25,42,42,10,1,45,45,25,4,42,29,7,1,25,4,4,1,48,25,42,48,1,7,42,29,48,1,29,45,7,1,4,4,10,42|162|24|1|10|active|9|126559.58333333333
59|59|43|M|32|33,1,38,40,15,48,17,31|8|15,1,15,15,17,31,17,33,15,33,48,31,15,17,1,38,48,15,1,38,15,1,33,38,38,31,1,33,17,40,31,40,33,33,1,33,17,31,31,31,31,1,40,31,17,1,48,17,17,1,33,31,1,40,17,1,17,40,38,33,40,17,1,48,31,48,38,40,15,33,48,48,48,17,48,33,33,40,15,38,1,40,31,38,15,48,48,15,48,15,17,1,38,40,17,17,17,15,15,40,31,40,40,17,48,48,40,17,1,17,17,17,1,38,38,38,15,38,17,40,31,31,48,33,38,38,15,17,33,40,48,15,40,1,1,17,38,48,40,38,1,48,17,48,1,17,1,48,1,38,15,1,48,15,48,17,17,38,17,15,1,15,38,31,17,17,38,17,48,40,38,38,15,38,15,17,1,33,48,38,38,33,48,17,48,38,40,17,48,1,38,40,40,48,17,31,17,17,15,17,31,15|202|49|1|17|active|7|181063.83333333334
60|60|36|M|6|1,8,41,18,50,30,31|7|1,1,18,31,18,50,1,18,8,18,18,31,41,8,50,41,31,18,50,30,41,31,31,8,50,1,31,30,1,30,8,8,1,1,8,18,18,18,41,50,1,1,41,50,30,41,8,41,30,30,1,30,30,50,41,18,41,31,18,41,41,31,8,41,50,18,50,18,8,1|70|17|1|18|quit|7|67926.25
61|61|40|M|3|2,11,12,13,45,48,16,50,21,24|10|21,50,16,45,2,16,11,16,12,2,2,13,16,45,24,50,48,16,2,2,13,24,50,11,50,13,21,13,13,48,50,11,16,11,13,45,11,48,16,24,2,24,50,21,48,13,21,50,16,16,2,50,50,13,13,21,11,2,2,12,21,48,12,16,50,48,21,16,48,21,48,11,13,45,13,13,13,12,45,2,21,50,24,13,45,13,50,11,48,48,45,11,2,16,11,48,48,21,21,50,16,50,24,50,16,21,24,21,16,12,45,24,11,50,12,13,12,24,11,21,12,24,2,2,12,21,50,48,11,11,16,16,50,12|134|34|1|50|active|9|148720.58333333334
62|62|35|M|9|4,5,38,43,46,15,48,17,21,25|10|4,25,5,15,17,15,21,48,48,5,17,5,25,25,46,38,25,5,48,4,15,43,17,17,15,38,43,4,5,15,21,25,25,38,25,43,21,38,38,38,4,43,38,43,25,46,25,38,46,17,46,5,38,46,15,15,38,17,17,4,15,46,43,4,4,21,17,5,46,48,48,43,4,43,46,48,21,21,25,46,48,5,15,5,48,5,4,43,5,46,46,48,4,17,48,17,15,38,21,46,43,21,5,4,15,48,25,46,38,17,4|111|18|1|46|quit|3|103844.25
63|63|41|F|12|3,36,7,42,45,46,19,26,30|9|45,46,45,19,36,26,36,26,7,45,42,46,46,36,30,36,45,45,42,30,36,42,3,46,30,7,30,7,19,26,42,42,46,36,42,42,26,45,46,19,30,7,7,36,26,45,30,7,45,45,42,42,26,26,46,3,36,46,19,46,42,26,26,42,36,26,36,3,19,19,30,42,30,26,30,30,7,46,3,45,26,19,36,3,45,3,3,3,26,36,46,7,42,45,42,46,7,42,45,46,19,36,46,36,45,45,42,3,7,42,26,26,36,30,42,3,36,30,26,46,26,36,30,30,36,19,46,42,45,30,46,46,3,46,36,45,19,26,42,26,36,7,46,42,7,42,46,19,42,46,42,7|152|30|1|42|active|6|126801.16666666667
64|64|39|F|11|34,13,20,30,32|5|32,20,34,32,13,32,13,30,30,13,34,32,34,32,32,13,34,13,13,32,32,34,30,30,20,32,20,30,34,13,20,13,20,13,32,20,32,32,32,32,20,30,30,32,20,32,30,13,34,34,30,30,20,32,32,20,13,13,20,20,20,34,34,30,20,32,30,13,20,30,34,30,30,13,13,13,13,13,30,30,30,30,34,30,32,30,30,20,13,13,13|91|17|1|30|quit|8|88371.25
65|65|42|F|14|1,2,35,4,38,44,16,22,23,29|10|4,38,16,23,44,35,2,44,16,23,38,29,29,16,44,1,1,35,23,4,35,35,44,4,1,4,38,22,22,16,35,4,22,16,4,4,38,16,22,4,23,16,2,23,29,2,16,38,38,44,16,4,23,16,22,35,23,29,16,44,16,35,29,29,23,22,1,22,22,2,4,22,29,35,2,38,29,2,22,23,1,38,1,2,16,2,2,23,44,38,44,22,23,29,4,2,1,2,2,38,22,16,2,29,1,23,29,38,44,38,44,16,4,44,35|115|34|1|16|quit|9|113890.58333333333
66|66|41|F|18|44,12,20,22,24,30,31|7|12,24,24,30,22,20,12,44,44,12,24,24,22,30,24,12,20,22,31,20,12,31,20,22,22,31,22,31,24,12,30,31,12,24,22,12,31,12,12,12,24,24,30,20,24,12,22,31,12,12,44,44,31,30,31,24,31,20,24,24,12,31,30,31,30,44,12,24,24,12,30,44,20,31,20|75|17|1|12|quit|9|72385.66666666667
67|67|39|F|29|7,8,10,11,43,12,47,48,16|9|48,16,7,11,48,8,48,10,12,8,8,16,8,7,7,12,11,48|18|8|1|48|quit|6|16672.0
68|68|40|F|14|25,20,15|3|15,20,15,15,20,15,20,25,15,25,20,25,25,20,25,20,25,20,15,15,25,25,15,25,15,15,20,25,25,20,15,15,20,20,20,25,20,25,20,25,20,15,20,25,15,25,15,25,20,25,15,25,25,25,15,20,20,20,15,25,25,15,20,20,20,25,25,20,25,15,15,15,15,15,25,15,25,25,15,15,25,15,15,15,20,25,25,15,25,15,15,20,25,20,20,15,20,25,15,20,25,15,25,25,15,25,15,25,25,25,25,15,20,15,20,25,25,20,15,25,15,15,25,25,15,25,15,25,20,20,15,25,25,25,15,20,20,20,15,15,20,15,15,20,20,20,15,15,20,25,25,20,15,15,20,20,15,25,20,25,15,20,15,25,25,15,15,25,25,15,15,15,15,15,15,25,20|177|22|1|15|active|5|146921.08333333334
69|69|39|F|4|17,9,21,22|4|22,9,21,9,22,22,21|7|5|1|22|quit|8|9291.833333333334
70|70|37|M|9|30,15,24|3|24,15,30,30,15,15,30,24,15,24,30,15,24,30,30,24,15,24,24,15,24,24,30,15,24,24,15,30,30,15,24,24,15,15,24,30,24,15,30,24,30,15,30,24,24,30,15,24,15,15,30,15,24,15,24,30,24,15,30,30,15,15,24,24,15,24,30,30,30,15,24,24,24,15,24,24,15,24,30,30,15,24,15,24,15,24,30,15,24,15,30,30,24,15,15,24,30,15,30,24,24,24,15,15,24,30,24,15,15,15,24,24,30,15,30,30,15,30,30,24|120|30|1|24|quit|10|107446.16666666667
71|71|42|M|6|3,36,6,38,9,13,19,21,23,29|10|38,19,6,9,21,9,21,21,21,13,13,6,3,13,21,29,23,13,29,13,19,21,29,13,38,21,36,36,21,29,23,21,13,6,3,13,29,21,19,23,36,23,19,21,23,38|46|32|1|21|quit|4|53804.166666666664
72|72|42|F|23|9,43,46,48,24|5|46,9,46,9,43,9,43,24,43,9,9,24,48,43,48,9,9,48,9,43,46,43,24,9,24,9,46,46,24,24,43,9,43,24,43,43,43,9,48,48,9,24,24,43,43,24,48,9,46,9,43,9,46,9,48,43,46,48,46,43,9,9,46,24,24,43,24,46,43,24,43,43,24,9,9,43,24,46,43,9,48,48,46,24,48,46,46,24,46,9,9,24,46|93|18|1|9|quit|7|71895.5
73|73|39|F|32|34,3,37,39,8,41,9,16,48,49|10|41,9,34,34,48,16,34,48,9,16,16,16,3,49,37,49,41,48,16,3,8,16,3,8,8,41,41,41,48,3,3,3,8,39,16,16,9,37,16,37,16,49,9,3,41,41,9,49,3,34,9,48,8,49,37,34,3,8,34,34,3,9,16,34,9,8,9,37,49,37,48,41,49,3,49,48,48,9,41,41,37,8,8,48,9,39,16,9,48,3,37,41,37,34,3,39,41,41,41,34,16,39,8,49,49,41,48,49,3,3,3,34,3,48,8,48,48,48,16,41,39,49,49,37,8,49,16,16,3,41,37,34,39,37,41,3,9,9,48,37,16,41,8,9,16,41,41,9,37,39,37,8,39,34|154|32|1|41|active|13|139095.5
74|74|37|M|9|34,40,11,13,15,16,25,30|8|16,25,15,15,16,15,15,15,11,16,16,15,11,34,11,13,30,40,13,34,40,40,25,11,11,13,40,34,13,30,15,25,16,40,30,34,30,30,34,25|40|7|1|15|quit|6|37482.833333333336
75|75|36|F|10|1,41,49,19,25,32|6|32,41,32,32,19,25,41,1,32,1,25,49,32,1,49,19,49,41,19,49,25,49,25,25,19,32,49,41,25,49,1,32,1,25,32,41,25,25,19,32,32,19,49,1,1,19,1,49,25,1,41,1,49,41,19,25,25,1,32,32,19,32,41,41,25,19,1,49,19,1,25,32,49,41,19,19,41,32,49,41,25,41,25,41,32,49,49,41,19,49,1,1,32,32,41,41,32,1,25,41,41,19,19,1,41,49,41,19,19,19,19,19,41,32,19,49,41,25,41,25,1,49,49|123|22|1|41|quit|8|102008.0
76|76|40|F|5|36,6,46,47,19,28,30|7|19,36,6,6,47,19,36,6,6,46,30,6,46,36,28,30,36,28,36,46,30,46,6,36,46,19,28,28,19,30,46,30,6,6,19,47,46,19,6,36,47,6,30,47,47,19,6,46,6,28,36,19,28,30,30,19,6,47,6,30,47,30,19,36,30,6,47,6,47,46,19,28,19,28,47,30,19,47,6,19,28,30,28,28,46,47,46,47,28,28,28,28,47,47,30,28,47,46,6,19,36,28,30,19,28,30,30,19,19,28,30,46,47,6,6,46,36,6,46,46,28,30,28,19,47,19,36,30,6,6,6,46,30,47,30,47,28,47,19,30,6|141|33|1|6|active|9|134553.16666666666
77|77|37|F|23|36,17,18,23,28,30|6|30,28,17,23,28,18,30,17,18,17,17,23,36,23,18,36,28,36,17,23,23,30,18,18,36,36,36,36,23,17,23,36,36,17,18|35|22|1|36|quit|5|34535.75
78|78|38|M|11|2,4,41,42,43,14,48,30|8|48,30,42,41,4,14,4,41,42,2,2,42,48,2,2,14,43,14,2,4,41,41,4,30,48,14,30,48,41,48,42,4,30,48,42,2,30,2,41,2,42,41,43,43,2,2,42,14,30,41,42,41,30,14,30,2,4,4,30,2,4,48,30,42,42,4,42,48,48,30,42,41,2,4,42,43,30,43,14,43,2,14,14,30,4,41,41,4,2,14,48,43,41,42,30,14,48,30,41,48,41,14,41,42,2,41,43,4,30,41,4,30,14,30,2,14,4,48,42,4,42,2,41,41,42,41,41,43|128|15|1|41|active|5|89375.0
79|79|39|M|2|3,41,45,13,16|5|13,41,41,41,45,45,13,3,45,45,16,45,13,45,16,45,16,3,41,41,41,45,16,3,13,3,41,13,3,3,3,41,16,45,41,16,13,41,41,41,3,13,3,41,41,16,45,13,41,45,16,13,16,45,41,3,45,41,45,41,3,3,3,16,3,3,45,13,45,16,41,13,16,45,41,16,16,3,3,16,45,41,13,45,3,45,3,13,13,3,16,45,16,45,3,45,13,16,45,16,13,41,13,16,13,41,45,45,41,45,3,16,16,13,41,16,16,3,3,16,41,13,16,13,16,45,16,13,41,16,45,16,45,13,3,16,3,13,3,13,16,45,13,45,45,13|146|25|1|45|active|6|125906.08333333333
80|80|34|F|2|10,12,44,15,29,31|6|15,10,31,15,12,31,29,44,10,12,29,31,10,15,10,15,29,10,15,10,15,10,12,10,44,31,12,29,29,44,15,15,12,12,29,44,31,15,31,44,12,15,10,15,44,12,15,12,10,29,31,31,44,29,29,12,12,31,10,44,44,12,12,44,10,29,44,31,31,15,31,44,44,44,44,15,29,10,44,29,29,44,10,29,44,31,15,12,31,31,15,12,10,15,10,31,15,29,10,12,15,29,44,44,15,44,15,12,10,12,10,10,44,12,44,12,29,44,10,15,15,10,44,31,10,31,12,15,10,12,12,44,44,44,12,15,29,31,15,12,29,10,44|143|47|1|44|active|10|132964.75
81|81|37|M|5|33,6,45,15,17,18,21,28,29,31|10|21,28,18,45,45,33,17,45,18,21,31,29,29,31,21,31,15,33,28,18,21,45,21,45,17,31,17,33,17,33,6,28,28,31,15,29,31,45,29,18,29,29,18,29,29,29,29,21,15,31,31,6,6,28,45,33,21,33,17,15,21,15,31,31,21,28,6,21,17,31,31,21,45,17,6,6,45,15,6,15,6,28,17,28,31,15,21,6,17,15,28,33,6,18,31,6,33,15,28,33,28,33,28,18,17,29,45,21,45,33,17,31,17,15,6,21,45,17,17,18,45,18,33,15,28|125|54|1|31|active|4|138921.33333333334
82|82|40|M|5|3,37,44,13,15,48,25,26,29|9|37,3,13,48,29,37,44,25,3,44,13,26,29,26,48,29,26,26,37,26,25,48,44,25,25,37,48,44,3,3,3,25,13,29,48,26,15,29,37,13,48,48,25,13,29,13,25,44,13,29,37,15,3,13,44,48,13,29,37,3,13,44,29,26,48,13,3,25,15,3,29,25,29,48,48,25,44,25,44,29,3,25,25,15,3,44,26,48,13,37,3,26,26,48,37,37,3,13,29,48,13,44,3,37,26,29,48,37,48,37,25,3,25,29,37,29,37,25,44,29,13,3,3,3,13,13,13,26,15,26,44,13,37,29,26,48,25,3,44,15,26,26,13,26,15,48,37,25,13,3,26,13,3,15,25,29,15,15,48,48,13|161|36|1|13|active|10|126848.41666666667
83|83|38|M|30|49,6,29,14|4|14,14,49,14,14,29,14,49,49,14,29,29,14,29,6,29,49,49,6,14,6,14,49,6,29,14,6,6,14,6,14,6,29,49,29,29,29,6,29,14,6,49|42|10|1|14|quit|5|42442.333333333336
84|84|40|F|24|1,7,8,17,21,23,25,28|8|7,25,7,23,25,23,23,28,7,7,28,1,17,25,17,23,17,7,1,21,28,7,8,17,25,21,28,21,7,1,7,28,17,1,8,8,1,28,1,25,28,17,17,8,17,8,8,21,7,8,28,28,1,17,8,21,21,23,8,25,21,21,8,23,28,28,7,1,23,21,25,28,7,8,21,21,17,7,21,7,7,21,17,25,28,25,21,25,23,17,28,8,1,8,25,21,23,17,1,1,8,1,1,1,17,23,23,21,23,25,8,7,28,25,1,7,25,17,1,28,28,21,28,8,17|125|37|1|28|quit|8|127663.58333333333
85|85|42|M|3|34,38,39,9,44,13,50,26,28,31|10|38,28,13,34,31,26,44,13,9,50,34,13,28,31,34,38,26,34,44,50,39,39,38,34,34,38,34,38,34,50,38,26,39,31,31,28,39,28,31,9,38,50,50,31,26,28,34,13,28,44,26,9,39,44,38,50,38,13,38,34,9,13,9,44,34,38,50,50,28,44,31,9,34,28,28,44,9,26,50,38,44,9,28,9,39,31,44,50,50,28,9,26,44,28,50,38,28,34,38,44,31,26,28,39,31,13,34,9,44,44,34,39,9,34,50,13,50,31,50,13,28,50,34,50,13,44,28,38,38,9|130|47|1|34|active|7|151947.66666666666
86|86|41|M|1|46,15,16,18,19,20,29|7|19,16,19,16,29,15,20,20,16,16,19,16,20,20,15,29,15,20,20,16,20,15,29,15,18,29,16,15,46,19,19,15,20,20,18,19,16,15,15,19,15,16,46,20,15,20,20,18,29,19,15,20,16,19,29,19,19,20,46,16,18,15,18,16,19,46,46,15,18,29,16,16,46,19,19,16,20,29,46,19,29,15,15,20,46,29,19,46,18,16,46|91|25|1|19|quit|7|88062.0
87|87|39|F|17|40,11,49,50,30|5|40,40,30,49,11,50,11,49,40,50,30,40,30,40,49,40,30,49,49,30,40,11,30,50,30,30,11,50,40,50,40,50,49,11|34|10|1|40|quit|7|35220.25
88|88|36|F|26|1,27,4,23|4|23,27,4,4,1,1,4,4,27,1,23,27,1,27,27,1,23,23,27,23,27,4,4,4,4,27,23,23,4,1,4,27,27,1,27,4,27,1,27,27,4,4,23,1,4,4,4,4,23,1,23,23,1,27,4,23,23,4,27,4,1,23,27,27,1,1,4,23,1,23,27,1,27,27,23,1,4,27,1,27,4,1,1,23,27,1,4,4,23,4,23,1,23,4,27,27,4,1,1,1,1,4,27,1,1,1,23,27,27,23,27,27,27,1,27,27,27,1,4,23,4,4,27,23,23,4,27,1,4,1,27,4,23,23,1,27,23,1,27,1,4,27,1,23,27,23,27,27,27,1,1,27,27,23,4,27,1,23,27,4|160|38|1|27|active|7|167099.33333333334
89|89|42|F|4|36,39,40,9,42,11,13,46,19|9|46,46,13,9,11,42,11,39,40,11,39,9,19,9,11,19,40,19,40,40,39,42,11,36,40,39,9,11,39,42,11,46,19,39,42,11,13,19,42,9,40,39,39,9,11,9,36,40,19,36,39,39,46,39,9,13,39,40,46,19,42,42,39,39|64|20|1|39|quit|6|51963.833333333336
90|90|42|M|10|33,34,14,32|4|32,14,34,14,14,32,33,34,33,33,32,14,14,32,14,33,34,32,14,33,32,32,14,33,33,14,34,14,33,32,33,14,34,34,32,33,32,34,33,14,34,14,14,32,33,32,32,14,32,34,32,14,14,32,32,33,14,33,34,33,14,33,32,34,34,34,34,34,32,33,32,33,33,34,14,14,33,34,34,33,33,14,34,34,32,32,14,32,33,32,33,32,34,34,34,32,34,34,34,33,33,14,14,14,14,33,33,34,32,32,32,32,33,14,33,32,34,34,32,34,14,14,34,33,32,14,33,14,14,34,32,14,33,33,32,32,32,32,14,34,33,34,33,34,14,34,32,33,34,32,14,32,33,34,33,14,14,34,34,33,32,14,14,32,32,14,33,32,32,14,32,32|172|25|1|32|active|8|205146.58333333334
91|91|43|M|4|17,6,47|3|17,17,47,6,17,17,17,6,17,47,47,17,6,47,17,17,6,6,17,47,17,17,47,17,6,47,17,6,6,6,17,6,6,17,47,6,17,17,17,17,17,17,6,17,6,47,6,17,47,17,47,47,17,6,6,47,47,17,6,47,6,17,47,47,6,47,47,17,6,6,17,47,6,47,47,47,17,47,17,17,6,17,17,47,17,17,6,47,6,47,47,47,6,6,6,6,17,47,6,47,6,6,17,17,6,47,47,6,17,47,17,6,6,17,6,6,17,6,17,6,17,17,17,47,17,6,47,47,47,47,17,17,6,47,6,17,47,47,17,17,47|141|23|1|17|active|10|117936.66666666667
92|92|40|F|6|42,43,16,17,30,31|6|42,43,16,42,43,43,42,31,30,42,31,16,42,30,31,42,16,31,42,17,43,16,30,31,43,17,42,17,16,16,17,43,17,30,31,43,17,16,30,31,16,16,30,43,31,17,42,43,31,30,31,16,17,43,31,31,16,16,43,17,42,17,16,43,30,31,31,42,31,42,30,30,43,31,43,42,17,31,17,43,42,16,30,42,17,30,43,43,43,30,17,42,17,31,16,17,31,16,43,31,16,42,31,30,42,16,43,17,43,17,31,42,17,42,17,43,43,16,31,30,42,16,42,17,16,30,30,43,43,43,31,16,43,43,31,43,43,16,43,42,16,43,43,17,17,16,30,17,30,31,43,31,30,42,16,17,17,31,16,31,16|161|40|1|43|active|6|124412.25
93|93|41|F|2|36,39,17,18,20,23,27|7|39,18,23,18,20,17,20,39,27,39,17,20,27,17,20,17,27,23,36,20,27,23,36,27,23,23,20,39,27,18,23,36,23,20,36,17,27,27,17,18,39,36,23,18,36,27,17,18,36,17,23,36,18,36,27,39,36,27,17,27,36,27,27,36,17,17,20,27,39,27,36,39,18,18,18,20,20,39,39,36,17,18,23,20,18,17,23,23,27,27,17,23,27,27,27,36,18,20,27,36,36,39,20,20,17,27,36,17,17,27,27,20,17,17,36,23,20,36,23,18,20,23,18,18,17,39,18,18,36,17,39,27,39,18,27,36,23,23,27,20,39,39,17,17,39,36,23|147|33|1|27|active|6|139396.08333333334
94|94|40|M|2|25,29,38,40|4|38,29,25,40,25,38,38,29,25,25,29,29,40,38,25,29,40,40,38,25,38,40,25,38,29,38,29,29,25,29,25,38,38,29,40,38,40,38,29,29,38,25,25,29,40,29,25,38,40,29,40,40,25,40,40,25,29,25,29,29,40,25,40,40,29,40,29,40,25,38,29,25,40,40,40,29,38,38,29,29,25,29,40,38,40,25,38,40,29,40,29,40,25,25,29,38,29,40,25,38,29,40,25,40,38,40,40,38,40,29,38,29,40,25,40,25,40,25,38,25,25,29,40,40,25,25,25|127|6|1|40|active|7|82951.5
95|95|40|M|20|6,40,41,11,45,16,19,25,27|9|11,6,41,40,40,45,11,40,27,40,45,45,11,41,27,6,27,27,25,19,19,16,41,45,41,27,45,6,16,19,11,40,16,19,6,6,45,45,16,6,27,6,27,25,6,25,45,25,19,16,25,27,45,11,45,11,11,11,6,25,27,27,11,40,11,45,11,27,40,41,41,27,40,40,19,25,40,19,45,40,25,27,11,6,45,6,19,6,41,6,40,6,16,45,25,16,19,11,6,25,45,11,45,41,19,45,27,6,16,27,6,11,40,25,16,25,11,6,11,41,45,45,11,25,27,41,25,25,19,40,19,45,19,6,6,6,16,27,25,25,25,16,19,6,16,27,41,40,6,19,45,45,19,40,6,16,25,41,41,40,27|161|24|1|6|active|7|138948.83333333334
96|96|45|F|11|11,6,31,24|4|24,24,11,6,11,11,24,11,24,6,6,6,31,24,24,31,6,6,31,24,11,24,31,31,24,31,24,6,31,31,24,6,11,24,6,31,6,24,31,24,11,11,31,24,6,11,24,31,24,31,11,24,11,31,11,11,6|57|5|1|24|quit|6|53498.5
97|97|39|M|28|50,6,26,48|4|26,48,50,6,48,50,26,6,48,50,26,50,48,48,26,48,26,50,26,6,48,48,48,26,48,50,50,6,6,48,50,50,50,48,50,48,26,48,50,26,50,48,48,26,50,50,48,26,26,48,6,48,26,6,48,50,6,6,48,48,26,48,6,6,6,50,26,26,6,50,26,26,26,26,6,50,6,48,6,50,6,50,48,6,26,6,50,48,48,6,26,26,6,50,50,26,26,26,6,48,26,50,26,6,6,50,6,6,50,50,26,50,50,26,6,26,6,6,50,48,6,48,48,26,26,48,6,50,6,50,6,50,26,26,6,26,6,50,50,26,50,26,50,50,26,26,6,48,50,26,50,50,50,50,48,26,50,50,48,50,6,6,50,48,6,48,48,50,48,26,50,50,48,26,48,6,26,50,50,48,48|181|22|1|50|active|9|192944.0
98|98|35|F|15|37,38,8,41,10,42,47,18,31|9|10,38,31,38,31,42,37,41,8,37,18,31,37,8,10,38,10|17|2|1|10|quit|5|16085.083333333334
99|99|39|M|32|34,3,6,38,12,24|6|12,6,6,24,6,24,34,38,6,24,6,34,6,38,38,6,38,34,38,34,38,34,6,3,24,3,24,6,34,38,6,34,12,38,24,34,3,6,24,3,34,34,38,12,24,3,38,24,24,34,34,24,6,6,12,24,6,3,12,34,12,12,34,34,6,12,6,6,6,3,3,34,24,6,6,6,3,6,34,34,34,34,3,6,6,34,34,3,3,38,3,38,6,3,3,38,24,3,6,12,12,38,12,24,38,34,6,34,6,3,38,12,24,34,3,34,3,24,3,6,34,6,38,34,34,3,34,3,6,24,6,3|132|23|1|6|active|9|128587.75
100|100|38|F|10|2,3,36,39,41,9,11,49,25|9|25,36,25,39,2,39,39,36,39,49,39,41,2,25,41,49,11,36,41,25,49,36,49,3,11,3,41,36,25,3,49,2,2,3,11,9,11,36,36,9,39,25,3,36,36,41,9,41,3,25,25,11,9,3,39,2,39,36,25,49,41,39,36,9,39,39,3,41,25,25,36,2,9,9,39,25,2,11,2,2,41,3,3,39,49,3,41,36,3,49,25,2,3,41,25,41,9,36,25,2,2,2,25,36,41,39,49,49,41|109|30|1|25|quit|3|77564.66666666667
101|101|39|M|10|35,36,39,40,9,13,46,49,25,28|10|35,9,35,25,46,28,49,13,40,9,36,13,46,40,36,35,28,35,46,46,35,13,39,28,9,35,46,46,46,9,9,13,35,35,28,39,28,9,49,46,40,25,9,49,28,36,36,49,46,28,28,25,9,46,13,36,9,36,25,49,13,9,46,13,25,36,49,40,13,40,39,49,25,25,13,49,9,28,39,9,49,35,46,36,40,39,36,9,28,39,25,46,49|93|20|1|9|quit|9|86254.33333333333
102|102|37|F|11|10,14,7|3|7,7,14,10,10,10,14,7,14,7,10,10,14,14,10,10,10,10,14,7,14,14,10,10,14,14,10,14,14,14,7,7,10,14,14,10,10,7,14,14,10,7,14,10,7,14,14,7,10,14,14,14,14,7,7,14,14,14,10,7,7,10,14,14,10,7,14,10,14,14,7,10,7,10,14,7,7,10,10,14,7,7,10,10,7,7,7,10,14,7,14,10,10,7,7,14,10,10,14,10,7,7,10,10,14,7,10,10,14,10,10,14,7,10,10,7,14,7,10,7,10,7,14,7,14,14,7,10,7,7,7,7,7,7,7,7,10,7,7,10,10,14,7,14,14,10,14,14,10,14,14,10|152|14|1|14|active|7|127435.0
103|103|43|M|6|10,16,17,19,26|5|16,26,26,26,19,16,16,16,19,16,26,19,10,17,16,17,10,19,10,17,19,26,17,26,16,26,19,26,17,17,26,10,19,17,26,17,10,10,26,16,16,16,26,10,19,26,16,17,17,26,16,17,19,17,19,26,16,16,16,17,26,17,10,16,26,16,10,10,10,16,26|71|16|1|16|quit|11|61940.583333333336
104|104|42|F|21|19,22,30|3|30,19,30,19,22,30,30,19,22,22,19,30,30,22,30,19,22|17|5|1|30|quit|5|16707.5
105|105|45|M|32|26,29,42|3|29,26,26,42,42,29,26,26,42,29,26,26,29,29,29,26,26,29,42,26,42,42,29,42,29,26,26,26,42,42,42,42,26,42,29,26,26,29,26,42,29,26,29,42,26,29,26,42,29,29,26,29,26,42,42,26,26,42,26,29,26,29,26,42,26,42,29,26,29,42,42,42,42,42,26,26,29,29,42,26,26,29,26,26,26,42,42,42,42,26,29,26,29,26,26,42,42,26,42,26,26,29,26,29,29,42,26,42,26,26,26,42,29,42,29,42,26,29,26,42,26,42,26,29,29,42,26,29,42,29,42,29,42,29,42,29,26,26,26,29,26,26,26|143|26|1|26|active|7|99613.5
106|106|44|F|14|35,45,14,15,20|5|35,14,45,14,35,15,15,35,45,20,20,14,14,20,45,45,15,15,45,20,35,20,14,14,14,14,14,15,20,15,35,14,14,35,14,14,20,35,20,15,15,35,45,20,14,45,15,45,20,14,14,45,14,15,20,35,35,14,15,20,35,14,14,45,15,15,14,45,14,15,15,15,14,45,15,15,35,15,15,20,15,15,35,14,45,15,14,35,45,20,15,45,45,15,14,15,35,20,20,20,15,35,45,14,20,45,20,45,20,14,20,45,35,15,35,14,45,15,20,45,20,15,20,14,35,35,45,15,14,45,45,14|132|11|1|14|active|6|128201.91666666667
107|107|52|F|25|1,35,42,12,17,20,29|7|12,42,1,12,29,29,17,12,17,1,1,17,35,20,29,17,12,1,12,29,35,42,42,20,29,42,1,20,35,20,12,20,35,20,17,20,12,35,12,20,20,12,35,1,17,35,42,42,29,1,42,17,12,29,29,20,12,17,42,17,42,35,20,20,12,17,12,1,17,42,35,12,17,35,42,42,20,12,12,35,42,35,1,29,29,42,17,1,42,29,29,1,17,29,12,17,17,17,17,1,35,35,29,17,42,1,35,35,29,42,12,12,12,17,29,42,20,20,42,12,17,12,35,1,17,12,20,12,12,12,29,12,29,12,42,17,29,20,29,17|140|44|1|12|active|7|99949.25
108|108|37|F|5|36,37,8,9,10,45,13,49,22,26|10|49,9,26,45,9,49,49,22,36,13,37,13,37,36,10,13,37,13,22,9,26,36,49|23|3|1|49|quit|7|24434.083333333332
109|109|41|F|28|37,13,15,17,28|5|13,13,17,28,17,37,15,37,37,13,37,15,28,37,13,37,15,28,15,15,17,15,17,28,17,28,13,15,28,37,15,28,13,17,13,15,28,28,17,13,13,15,37,17,28,28,37,28,37,13,13,37,28,13,15,13,37,15,37,37,17,17|62|11|1|37|quit|7|58468.5
110|110|36|F|9|10,43,44,45,15,21|6|44,21,44,44,10,21,21,44,44,10,21,10,15,44,15,15,44,43,10,10,45,15,43,45,15,44,15,10,15,43,15,10,43,43,43,44,43,15,44,45,43,10,10,43,43,43,45,15,10,45,15,21,21,21,44,21,10,21,44,43,21,45,45,15,15,44,21,10|68|23|1|44|quit|11|70438.25
111|111|38|M|18|5,45,18,22,23,26,27,30|8|5,30,18,18,23,45,27,18,23,30,30,23,27,45,5,22,27,26,27,45,45,45,45,23,30,5,45,23,22,45,18,18,23,18,22,18,23,27,27,22,22,26,18,26|44|13|1|18|quit|8|50109.25
112|112|38|F|27|33,3,37,47,50,26,29|7|37,50,3,29,3,37,29,26,47,3,29,47,47,37,26,26,50,26,37,29,3,29,47,33,33,26,33,33,26,47,3,37,29,26,37,29,3,3,26,50,33,33,47,37,26,26,33,37,37,50,50,29,33,47,33,47,37,3,47,50,29,33,37,50,26,50,26,3,47,26,33,37,33,50,26,37,26,37,37,3,50,26,3,26,47,37,33,26|88|22|1|26|active|4|84888.25
113|113|40|M|5|10,4,24,32|4|10,24,4,4,32,32,32,24,32,4,10,32,10,4,32,24,24,24,4,4,24,32,4,4,32,32,32,4,4,24,4,4,10,32,10,4,32,32,32,10,4,4,24,4,32,24|46|10|1|4|quit|5|41210.416666666664
114|114|37|F|29|34,5,39,44,19|5|19,19,39,39,39,19,5,5,5,34,5,19,34,19,44,19,19,34,34,19,39,19,44,44,44,44,5,44,44,5,19,5,34,19,39,44,39,44,44,39,39,34,39,44,34,19,5,34,39,19,39,34,19,34,5,39,34,44,19,39,39,39,5,39,34,39,19,5,34,5,5,34,39,34,19,34,5,5,5,39,44,44,44,19,39,44,19,5,39,34,34,19,34,5,39,39,39,34,5,34,34,34,5,39,19,5,34,19,5,44,44,34,44,19,39,34,39,34,19,5,34,5,34,19,34,19,34,5,39,34,39,19,34,5,44,34,39,44,19,44,19,34,39,5,44,34,19,19,5,39,34,5,39,34,44,5,39,34,39|159|44|1|34|active|9|163218.75
115|115|41|M|17|9,42,43,16,19,25,32|7|19,16,42,42,16,43,42,32,43,43,42,16,42,42,16,19,25,19,25,32,9,16,42,19,42,16,42,19,9,16,42,19,9,19,19,19,16,43,25,19,32,25,16,9,9,32,32,16,42,9,16,42,25,16,19,25,32,19,16,43,32,25,16,9,9,32,19,42,16,19,43,9,19,16,43,9,16,25,19,19,9,42,9,25,42,16,43,9,42,25,25,19,9,43,25,9,9,32,25,25,43,9,25,32,25,16,32,25,43,16,42,16,19,32,32,32,43,25,16,19,25,43,19,32,32,25,43,43,25,43,16,19,25,32,25,19,19,32,43,9,25|141|22|1|19|active|6|113735.16666666667
116|116|41|F|5|35,5,37,45,50|5|5,5,5,50,45,37,45,50,45,35,35,45,50,5,5,35,37,37,5,50,50,35,45,37,37,37,45,5,5,37,5,50,50,50,50,35,5,5,50,35,35,35,35,5,45,37,37,5,5,35,45,37,45,35,35,45,50,45,37,37,37,37,35,50,50,45,35,37,45,35,50,37,50,5,50,37,5,5,45,37,5,50,5,35,50,35,35,45,5,37,37,35,5,37,5,35,45,50,50,37,45,35,50,5,50,45,5,45,5,35,37,37,50,5,50,35,5,45,35,35,50,50,35,45,35,5,37,45,35,35,35,5,50|133|16|1|35|active|8|134030.66666666666
117|117|35|F|24|9,44,37|3|44,44,9,9|4|4|1|44|quit|8|4577.166666666667
118|118|44|M|31|9,42,4,32|4|4,32,32,32,42,4,4,4,32,32,9,9,42,32,9,32,42,4,42,9,4,32,9,9,42,32,42,42,4,32,32,42,32,42,9,9,9,42,42,9,9,32,9,32,4,4,32,9,42,42,32,32,9,32,9,4,4,42,4,4,42,32,9,42,9,4,4,9,9,32,42,32,42,9,4,32,4,32,4,42,32,42,32,4,4,42,32,4,42,9,42,9,9,4,4,4,9,42,4,42,4,4,42,4,9,4,32,42,42,4,9,4,4,32,4,42,9,42,42,4,32,4,4,42,9,4,42,42,9,42,42,9,9,4,4,32,9,32,42,9,4,42,32,9,42,9,42,42,9,9,9,4,42,32,9,4,42,32,42,42,42,4,4|163|27|1|42|active|7|147398.33333333334
119|119|37|F|15|18,37,47|3|37,18,47,37,37,37,37,37,18,47,18,47,18,47,18,37,37,47,18,47,37,47,18,18,37,18,18,47,37,47,18,37,18,47,47,18,18,47|38|13|1|18|quit|3|38451.0
120|120|38|M|29|42,34,16|3|34,42,42,16,16,16,34,42,34,34,42,16,34,34,42,34,16,16,34,42,42,42,34,42,42,16,34,34,16,42,42,16,16,34,42,16,42,16,42,42,42,42,16,16,42,34,16,16,16,42,16,42,42,16,34,42,42,16,16,34,16,34,34,34,34,34,34,16,34,34,16,42,34,34,16,42,16,16,16,16,42,42,34,16,42,16,42,34,34,16,42,42,16,34,16,16,42,42,42,16,16,42,16,42,16,34,42,34,34,34,34,42,16,16,34,16,16,42,42,42,34,42,16,34,42,34|126|27|1|42|active|6|131006.66666666667
121|121|38|M|16|3,41,11,12,14,16,20,29|8|3,3,3,41,41,12,29,16,12,29,29,12,16,12,20,20,3,20,41,14,41,14,29,12,14,14,14,16,14,41,11,41,14,16,12,41,12,41,20,41,14,41,11,12,41,20,3,14,12,3,16,3,12,16,14,12,14,12,14,20,29,11,14,29,41,11,41,3,3,29,41,16,20,3,3,20,14,3,29,29,16,20,41,3,14,3,16,11,14,3,20,41,12,20,12,41,16,16,20,29,29,41,41,14,12,41,14,29,11,11,12,12,20,12,29,41,16,14,41,11,11,16,16,14,12,11,14,16,3,3,16,29,20,14,3,41,16,20,20,29,20,11,11|143|24|1|41|active|3|112864.75
122|122|37|F|20|9,45,13,15,16,47,29,30,31|9|31,13,45,30,31,15,31,31,16,15,9,9,45,29,15,45,31,15,15,30,13,31,47,13,29,45,13,30,9,45,13,31,30,16,30,47,30,16,30,13,30,15,31,45,16,30,31,29,31,47,13,31,9,30,47,29,9,45,31,47,15,16,30,45,29,45,47,16,13,9,29,45,13,29,16,16,31,30,9,29,13,16,45,30,9,29,9,16,15,15,30,16,13,15,45,15,45,13,31,45,29,9,13,45,47,29,47,13,15,13,47,30,13,29,29,9,30,13,13,16,9,30,31,15,9,45,15,45,45,13,29,31,13,16,29,45,29,45,47|139|33|1|13|active|4|134622.5
123|123|38|F|29|7,42,43,48,31|5|42,42,42,42,43,42,42,42,48,43,7,48,43,48,48,42,42,42,48,43,31,7,42,7,31,42,42,48,42,43,43,7,7,42,7,43,31,42,42,43,7,42,7,43,43,43,7,7,7,31,42,48,43,43,7,42,7,48,31,7,42,7,48,42,42,7,48,31,48,42,31,7,31,31,7,7,42,7,42,48,7,31,42,42,43,43,31,42,48,7,7,43,42,43,7,42,42,7,31,43,48,31,42,31,7,31,43,42,42,48,31,48|112|4|1|42|active|6|77999.16666666667
124|124|37|M|13|4,13,48|3|4,13,13,13,4,48,4,13,4,48,48,48,13,13,48,13,48,4,13,13,13,48,4,48,13,4,48,13,13,48,4,48,4,13,13,13,48,48,4,48,13,4,48,48,48,13,13,48,48,4,4,13,48,48,13,48,13,48,4,13,13,48,48,48,4,48,48,48,4,4,48,13,13,4,48,4,48,48,48,13,48,4,13,13,48,48,13,48,13,4,13,48,4,48,13,13,13,4,4,13,48,48,13,48,4,13,48,48,48,48,48,13,4,4,48,4,13,48,48,48,4,48,48,13,48,4,13,4,48,4,4,48,48,48,48,13,4,13,48,48,13|141|10|1|48|active|8|130554.58333333333
125|125|38|F|13|35,40,42,11,16,30|6|16,30,40,40,11,40,16,35,40,40,42,42,42,11,11,16,42,35,16,42,30,42,42,42,42,35,11,40,35,42,35,16,30,30,30,16,40,40,40,11,40,16,11,30,16,35,16,40,42,30,30,35,16,42,35,35,30,35,35,40,42,11,11,40,30,35,40,40,30,11,11,35,16,16,35,16,11,16,16,11,35,40,40,40,40,30,40,40,11,40,11,30,42,11,35,30,16,11,11,40,35,35,35,11,30,16,40,16,30,35,42,16,30,30,11,40,11,16,35,35,42,16,42,16,42,30,30,16,30,35,40,42,16,35,30,30,42,42,42,40,40,30,11,40,16,42,30|147|28|1|40|active|7|115000.91666666667
126|126|40|F|17|34,3,12,13,14,47,25,28|8|47,25,14,13,47,47,47,47,28,25,34,47,25,47,13,12,13,13,13,13,12,28,25,34,14,14,13,12,25,28,25,12,13,13,3,3,14,47,47,47,25,47,12,47,13,47,28,3,34,14,14,25,12,12,25,34,47,3,12,3,28,14,12,28,47,25,13,12,25,34,25,25,28,47,12,12,25,28,13,13,3,12,25,3,47,12,3,12,14,14,13,47,28,28,12,47,13,3,12,34,28,47,34,25,28,12,34,34,3,28,12,12,47,12,3,13,34,12,3,14,13,28,34,28,34,12,14,12,14,47,34,34,28,25,12,14,34,14|138|24|1|12|active|5|129409.75
127|127|38|F|13|7,12,15,16,17,19,28|7|19,15,7,15,28,19,12,15,12,19,12,7,17,12,28,28,28,12,12,28,12,7,17,15,12,7,15,12,28,12,19,28,7,28,19,12,16,17,7,15,19,16,7,7,28,19,19,28,17,19,15,7,15,28,19,15,15,15,15,15,16,12,19,17,7,17,28,12,28,16,12,19,16,15,17,28,16,16,28,28,28,12,28,16,17,16,17,16,19,7,15,7,17,7,19,15,12,7,28,19,28,16,28,7,28,28,12,19,15,15,16,12,17,15,28,12,16,16,16,15,15,17,19,28,28,19,12|127|21|1|28|active|9|121647.0
128|128|39|M|7|18,6,7,2|4|7,2,7,18,7,18,2,2,2,6,2,7,18,7,7,2,6,7,2,18,6,2,2,7,18,2,2,6,7,6,7,6,18,7,7,7,2,18,2,2,2,7,18,2,6,2,6,2,2,6,6,2,6,7,6,18,2,7,2,6,6,6,18,18,2,18,7,6,7,7,7,6,18,6,7,18,7,18,18,2,18,2,18,6,7,6,18,7,7,6,7,18,18,6,7,2,18,6,7,2,7,2,6,2,2,2,2,6,6,6,7|111|25|1|2|active|6|90814.08333333333
129|129|42|F|8|11,46,47,17,18|5|11,18,47,46,46,18,18,18,18,46,11,46,17,11,11,47,46,18,47,47,47,47,46,47,17,11,11,18,47,17,46,17,46,46,46,46,18,46,18,18,47,11,18,46,47,47,47,17,17,18,47,17,47,11,11,46,46,46,17,11,18,18,47,47,11,17,17,17,18,46,46,11,18,47,18,17,47,11,46,17,11,18,17,18,18,11,11,17,47,47,17,11,17,47,47,11,47,17,17,47,47,47,17,46,47,46,46,17,18,18,46,47,11,17,46,46,17,46,18,17,46,47,17,17,46,47,46,17,18,46,17,47,17,46,11,47,11,47,46,18,17,18,47,11,11,17,17,17,17,18,47|151|48|1|47|active|5|142444.33333333334
130|130|37|M|8|2,34,6,38,9,48,28,31|8|28,48,34,6,2,2,34,38,6,6,34,2,2,34,6,2,48,9,48,2,2,9,9,31,28,48,34,2,31,48,31,34,48,31,28,28,9,38,48,2,31,48,34,31,31,48,28,48,2,48,48,31,6,2,2,2,28,38,28,38,2,31,2,38,9,38,48,9,28,31,2,34,28,48,31,2,34,9,28,38,48,6,9,28,2,2,48,6,2,28,38,48,34,48,34,28,34,2,48,38,34,34,38,38,9,6,38,31,2,38,9,34,9,34,9,34,38,48,48,9,28,2,28,38,9,2,6,38,38,28,28,34,34,28,48,38|136|25|1|2|active|6|131269.08333333334
131|131|39|M|16|6,10,12,20,31|5|12,20,20,20,12,10,10,20,10,20,6,12,6,20,6,10,12,31,10,12,20,10,10,6,12,31,10,31,10,6,20,31,10,6,12,10,6,31,6,31,12,12,6,10,10,20,31,12,31,12,31|51|13|1|10|quit|8|45517.0
132|132|37|M|8|1,34,35,3,6,7|6|34,35,6,3,7,3,35,7,1,34,34,35,3,1,34,7,6,6,3,34,6,35,1,7,1,7,6,7,34,7,35,35,6,7,35,3,34,34,6,1,7,1,1,1,7,1,3,34,34,7,34,1,3,34,35,6,34,7,3,7,3,34,6,6,1,3,34,3,6,6,35,34,7,3,1,1,35,1,1,35,35,1,3,7,34,34,35,7,35,6,6,1,6,6,7,1,34,7,3,6,34,6,6,6,7,6,34,7,34,1,7,34,7,1,35,1,7,6,34,34,35,3,35,34,35,6,35,34,7,7,6,6,6,34,7,34,1,1,34,6,34,1,6,7,3,1,1,35,1|149|10|1|34|active|5|125568.25
133|133|45|M|24|37,41,44,49,21,23,24,25,30|9|24,41,49,49,30,25,21,44,24,49,24,21,23,23,23,30,23,30,41,24,25,30,37,23,44,49,21,44,44,37,44,25,37,30,30,25,41,30,25,49,44,41,41,25,24,21,25,44,37,25,41,23,30,24,25,41,37,25,41,30,37,49,30,30,37,37,24,30,21,24,24,21,21,37,24,41,21,25,44,25,49,44,24,24,49,21,49,44,37,24,23,21,23,23,44,44,30,25,37,30,37,30,41,25,37,37,30,41,37,30,49,37,49,23,25,23,24,44,21,41,24,44,25,23,30,23,49,41,25,23,21,21,37,23,24|135|37|1|30|quit|10|138150.66666666666
134|134|37|F|29|4,39,43,15,20,22,27|7|4,43,27,39,43,27,4,27,27,15,4,20,15,20,27,39,20,20,27,4,20,27,15,43,4,20,15,4,27,20,4,43,22,20,20,15,20,27,39,15,20,27,39,22,4,43,43,20,22,20,39,20,22,39,39,39,4,22,27,15,4,27,15,15,20,22,4,43,4,43,43,15,43,20,4,15,27,15,20,43,15,43,27,4,22,43,39,27,39,22,39,39,4,27,20,20,15,39,27,22,22,43,27,22,15,15,43,22,43,4,43,22,22,22,4,43,43,20,39,4,43,15,15,20,4,39,22,22,27,4,27,20,20,4,39,43,39,4,22,39,39,20,39,39,4,43,4,39,15,39,15,22,15,20,27,27,39,39,20,15,39,43,4,27|164|33|1|39|active|6|145015.91666666666
135|135|44|F|13|27,4,5,48|4|27,27,5,27,48,48,48,27,48,5,4,4,5,5,4,4,27,48,48,4,27,5,48,5,27,5,27|27|4|1|27|quit|7|26070.083333333332
136|136|39|M|26|33,3,36,35,41,10,24,27,32|9|35,33,3,10,10,32,35,3,10,27,35,24,32,10,10,41,32,35,10,27,27,32,35,3,35,24,24,32,35,41,24,27,35,32,10,36,35,10,24,24,33,32,24,41,41,32,10,10,24,33,27,3,41,35,33,36,3,41,36,41,24,36,32,36,32,35,10,32,33,24,35,27,32,27,27,36,41,32,41,36,33,33,32,3,10,32,32,24,24,33,35,41,36,24,32,36,27,41,33,33,3,3,36,36,35,10,10,27,41,24,33,32,33,33,33,24,35,33,3,41,27,35,32,27,33,10,33,35,10,3,27,41,3,10,33,10,3,24,36,27,24,10,10,41,33,10,10,32,10,33,24,33,32,35,36,24,41,3,10,41,32,24,35,27,36,27,27,33,24,27,32,36,36,35,36,24,32,3,36,27,10,41,24,35,27,24,10,41,24,36,24,36,36,32,32|195|21|1|10|active|8|158998.33333333334
137|137|40|M|2|34,29,6|3|34,34,6,6,6,6,29,6,6,34,6,34,34,29,34,29,29,29,6,29,34,6,34,34,6,34,6,6,34,6,29,6,6,29,34,29,6,6,34,29,34,6,34,34,34,6,29,29,34,6,6,29,34,34,6,6,34,29,34,6,6,6,6,6,6,34,6,34,34,34,34,34,6,6,6,29,6,34,29,34,6,34,29,6,6,34,6,34,6,6,34,6,29,29,6,6,29,34,6,6,34,34,34,29,29,6,29,29,29,34,34,6,34,29,6,29,29,29,34,29,34,6,34,34,34,29,34,6,6,34,6,6,29,6,29,6,34,6,34,29,6,6,34,34,6,29,6,34,34,34,34,29,6,6,34,29,34,6,6,29,34|161|16|1|6|active|6|156728.0
138|138|44|M|18|3,5,14|3|5,3,14,3,5,3,5,14,3,14,3,3,14,14,3,14,3,3,14,14,5,14,14,5,3,14,5,5,5,14,5,3,3,14,14,3,5,14,3,5,5,5,5,5,14,5,5,3,3,14,14,14,3,5,3,5,5,5,14,5,14,3,5,3,3,14,5,14,14,5,3,14,14,14,14,3,3,3,14,14,3,3,14,14,3,14,5,3,14,3,14,14,5,5,3,5,14,3,5,14,14,14,14,5,14,14,14,3,5,3,5,14,3,3,3,5,14,3,3,3,5,14,3,5,3,5,5,3,5,5,3,3,14,5,14,5,3,14,5,3,14,3,3,5,14,5,3,5,5,5,14,14,3,5,14,3,14,3,3,3,14,5,3,14,14,3,14,5,3,14,5,5,3,5,14|175|8|1|14|active|7|152393.83333333334
139|139|42|M|31|5,39,40|3|40,5,39,40,39,40,5,40,39,40,40,39,5,40,5,39,5,5,40,40,39,39,39,40,40,5,40,5,40,5,39,40,40,40,5,39,39,5,39,39,40,5,40,5,40,39,40,40,5,5,5,40,40,40,40,39,39,40,39,40,40,39,39,5,39,39,39,39,39,39,40,39,5,5,5,5,39,39,39,5,40,40,39,5,39,40,40,40,5,5,5,39,40,5,39,40,39,39,39,5,5,40,39,40,40,40,40,40,39,5,39,39,39,5,5,40,39,39,40,39,39,40,39,5,40,5,40,39,40,5,5,5,39,39,40,39,5,39,39,39,5,40,40,40,39,5,40,5|148|29|1|39|active|7|102739.33333333333
140|140|42|F|22|18,34,40|3|18,40,40,18,40,34,40,18,34,34,18,18,18,18,40,34,18,34,34,18,18,34,40,34,34,40,40,40,34,18,18,40,34,34,34,40,34,40,18,18,34,18,18,34,34,18,34,18,18,18,18,40,18,40,40,40,18,34,34,18,40,18,40,18,18,40,34,40,40,40,40,40,18,40,34,18,18,18,18,40,40,18,40,18,18,40,34,34,18,18,40,34,18,34,40,40,40,40,40,18,18,18,40,40,18,40,34,34,18,40,18,34,40,18,34,18,18,34,18,40,18,40,34,18,34,34,18,18,34,34,34,18,34,18,18,40,18,40,18,40,34,40,40,34,40,40,34,18,34,40,40,40,34,34,34|155|42|1|18|active|6|153191.0
141|141|39|M|21|33,22,48|3|22,48,48,33,33,22,22,48,48,33,48,22,48,22,48,33,48,48,33,48,33,22,33,48,22,48,22,33,22,48,33,48,33,48,48,48,48,48,48,33,33,48,22,22,33,22,48,33,33,48,48,22,22,33,22,48,33,48,33,33,48,22,22,33,22,22,22|67|26|1|48|quit|5|76873.33333333333
142|142|44|M|22|34,36,8,10,11,24,25,26,28,29|10|34,8,10,24,34,11,25,24,10,25,24,34,34,11,10,8,29,8,25,25,11,25,24,11,11,29,36,34,24,24,36,8,8,29,34,36,36,28,25,28,34,8,8,36,24,29,26,36,28,24,28,25,10,34,36,29,26,25,10,11,11,29,25,11,11,26,11,36,34,29,11,24,10,34,10,34,25,25,24,28,28,29,11,8,29,24,10,8,10,36,11,25,29,28,10,34,25,11,11,28,26,25,8,11,25,29,25,34,28,11,10,10,25,28,28,28,10,26,24,24,29,26,25,28,24,11,25,11,11,34,34,34,11,25,29,34,28,25,25,11,8,10,25,28,25,24,26,29|148|28|1|25|active|6|127817.25
143|143|42|M|5|50,27,45|3|27,50,45,50,45,45,45,45,45,50,50,27,50,50,45,27,50,45,50,27,27,27,27,50,27,50,45,50,27,50,50,50,50,50,27,27,50,50,45,27,27,50,45,27,50,50,45,45,27,50,50,27,27,45,45,45,27,50,45,45,27,27,27,50,50,45,27,45,45,27,45,45,45,50,50,50,50,45,45,50,45,50,50,45,50,27,50,50,45,27,50,50,50,27,45,50,45,45,45,50,45,50,27,27,45,50,27,45,45,27,45,45,50,45,50,27,50,45,45,27,27,27,27,45,50,50,50,45,45,50,27,45,27,50,45,50,27,27,45|139|23|1|50|active|7|176185.91666666666
144|144|43|M|13|34,37,7,8,9,21,23,26,28|9|34,23,8,23,23,9,23,23,34|9|6|1|23|quit|10|11737.916666666666
145|145|43|M|3|47,49,24,26,28|5|47,24,47,47,49,49,24,47,26,28,26,49,24,28,49,47,47,49,47,47,49,47,24,26,49,49,47,24,28,28,26,47,26,28,49,49,49,49,24,26,24,47,28,26,26,49,28,47,47,26,24,47,24,47,49,47,26,26,24,26,24,24,49,26,26,47,28,26,49,24,49,28,26,28,49,28,26,26,26,47,24,47,26,28,49,47,47,47,28,47,47,24,24,28,24,24,24,26,47,24,28,28,26,47,24,24,24,49,47,49,49,24,26,28,47,28,49,47,47,47,49,47,24,28,28,26,28,28,26,24,49,26,28,28,24,47,28,24,24,47,24,24,47,28,24,26,26,26,28,47,24,47,24,28|154|25|1|47|active|9|159567.66666666666
146|146|42|F|25|3,10,42,45,14,19,20,23|8|20,19,14,3,45,3,19,10,3,20,10,3,14,14,20,10,14,23,42,3,19,19,45,23,42,10,10,14,3,45,45,23,14,10,14,19,20,45,20,14,10,23,19,45,19,14,20,19,42,19,23,42,10,14,23,3,45,42,14,19,14,42,45,19,19,3,45,10,20,3,14,20,45,3,45,42,20,42,3,42,3,42,19,42,3,20,19,23,20,23,19,3,14,19,3,45,45,14,20,10,10,45,20,20,19,23,23,42,3,23,23,14,3,20,10,45,19,42,19,19,23,20,3,19,10,10,42,3,10,42,23,14,23,10,19,23,3,19,20,10,45,23,3,23,10,20,20,42,23,42,42,19,19,19,45,19,14,42|158|28|1|19|active|6|144317.66666666666
147|147|42|F|30|33,36,39,43,20,22|6|33,39,33,36,39,22,39,33,20,39,36,33,43,20,22,36,20,33,20,43,43,39,43,22,36,43,36,39,43,43,36,33,39,22,36,33,39,43,33,43,43,20,33,33,43,33,36,43,36,36,43,39,33,43,39,36,43,20,20,43,39,39,36,22,43,43,39,36,33,39,36,33,33,20,39,22,22,39,33,36,36,33,39,22,33,43,22,22,39,20,22,33,33,20,36,33,20,33,43,43,43,22,22,43,43,43,43,36,39,33,33,39,39,43,39,36,39,20,36,33,20,39,33,43,20,39,33|127|56|1|43|quit|4|113536.0
148|148|43|F|24|26,3,6,39|4|39,3,6,26,6,3,3,3,3,26,6,6,3,6,3,3,6,26,39,39,3,6,26,39,26,3,3,3,6,26,39,3,6,3,3,26,39,26,39,39,39,3,6,26,3,3,6,39,6,26,3,39,6,3,39,6,6,6,26,39,39,3,39,3,3,3,39,39,26,6,3,39,26,26,39,6,6,39,6,26,6,3,3,26,39,26,39,6,26,39,3,26,26,6,26,3,3,39,26,39,39,3,6,26,3,39,3,39,26,26,3,6,6,3,6,39,39,39,26,6,39,39,3,6,6,3,6,6,3,26,6,6,6,3,6,39,39,3,3,39,6,6,26,26,6,26,3,26,39,3,26,6,26,26,3,26,6,26,26,39,39,26,6,3,3,39,26,6|168|25|1|3|active|8|125120.66666666667
149|149|40|F|29|33,34,3,41,47,22|6|47,33,3,3,22,3,3,34,47,33,34,33,22,3,41,33,33,47,22,41,3,47,47,41,47,22,41,34,41,34,33,34,41,41,22,33,41,33,3,34,34,34,22,34,22,3,34,3,33,22,47,41,22,33,34,33,47,47,34,33,41,47,41,34,22,3,41,33,41,34,34,34,22,34,33,34,3,41,22,34,22,3,33,33,41,34,3,34,22,47,47,41,3,22,3,3,34,47,3,22,3,34,34,41,41,33,47,3,34,34,34,34,22,33,41,22,47,3,22,34,34,41,3,22,3,33,33,33,34,41,22,34,22,3,3,41,47,34,47,34,34,41,34,41,47,3,41,22,34,22,47,3,41,22,22,47|156|26|1|34|active|10|152931.58333333334
150|150|44|F|22|35,39,43,13,14,49,17,19|8|35,43,43,35,49,19,17,49,49,39,43,43,17,19,49,35,39,49,17,13,39,35,13,13,35,35,14,35,19,17,39,19,49,14,35,35,14,14,13,13,39,13,49,13,14,19,49,17,49,14,43,14,19,13,13,14,19,17,13,39,39,13,14,17|64|15|1|13|quit|5|58483.666666666664
